Date,Inflation Rate,Unemployment Rate,Bonds Yield,FEDFUNDS
1954-07-01,0.4,5.8,2.89,0.8
1954-08-01,0.0,6.0,2.87,1.22
1954-09-01,-0.4,6.1,2.89,1.07
1954-10-01,-0.7,5.7,2.87,0.85
1954-11-01,-0.4,5.3,2.89,0.83
1954-12-01,-0.7,5.0,2.9,1.28
1955-01-01,-0.7,4.9,2.93,1.39
1955-02-01,-0.7,4.7,2.93,1.29
1955-03-01,-0.7,4.6,3.02,1.35
1955-04-01,-0.4,4.7,3.01,1.43
1955-05-01,-0.7,4.3,3.04,1.43
1955-06-01,-0.7,4.2,3.05,1.64
1955-07-01,-0.4,4.0,3.06,1.68
1955-08-01,-0.4,4.2,3.11,1.96
1955-09-01,0.4,4.1,3.13,2.18
1955-10-01,0.4,4.3,3.1,2.24
1955-11-01,0.4,4.2,3.1,2.35
1955-12-01,0.4,4.2,3.15,2.48
1956-01-01,0.4,4.0,3.11,2.45
1956-02-01,0.4,3.9,3.08,2.5
1956-03-01,0.4,4.2,3.1,2.5
1956-04-01,0.7,4.0,3.24,2.62
1956-05-01,1.1,4.3,3.28,2.75
1956-06-01,1.9,4.3,3.26,2.71
1956-07-01,2.2,4.4,3.28,2.75
1956-08-01,1.9,4.1,3.43,2.73
1956-09-01,1.9,3.9,3.56,2.95
1956-10-01,2.2,3.9,3.59,2.96
1956-11-01,2.2,4.3,3.69,2.88
1956-12-01,3.0,4.2,3.75,2.94
1957-01-01,3.0,4.2,3.77,2.84
1957-02-01,3.4,3.9,3.67,3.0
1957-03-01,3.7,3.7,3.66,2.96
1957-04-01,3.7,3.9,3.67,3.0
1957-05-01,3.7,4.1,3.74,3.0
1957-06-01,3.3,4.3,3.91,3.0
1957-07-01,3.3,4.2,3.99,2.99
1957-08-01,3.7,4.1,4.1,3.24
1957-09-01,3.3,4.4,4.12,3.47
1957-10-01,2.9,4.5,4.1,3.5
1957-11-01,3.3,5.1,4.08,3.28
1957-12-01,2.9,5.2,3.81,2.98
1958-01-01,3.6,5.8,3.6,2.72
1958-02-01,3.2,6.4,3.59,1.67
1958-03-01,3.6,6.7,3.63,1.2
1958-04-01,3.6,7.4,3.6,1.26
1958-05-01,3.2,7.4,3.57,0.63
1958-06-01,2.8,7.3,3.57,0.93
1958-07-01,2.5,7.5,3.67,0.68
1958-08-01,2.1,7.4,3.85,1.53
1958-09-01,2.1,7.1,4.09,1.76
1958-10-01,2.1,6.7,4.11,1.8
1958-11-01,2.1,6.2,4.09,2.27
1958-12-01,1.8,6.2,4.08,2.42
1959-01-01,1.4,6.0,4.12,2.48
1959-02-01,1.0,5.9,4.14,2.43
1959-03-01,0.3,5.6,4.13,2.8
1959-04-01,0.3,5.2,4.23,2.96
1959-05-01,0.3,5.1,4.37,2.9
1959-06-01,0.7,5.0,4.46,3.39
1959-07-01,0.7,5.1,4.47,3.47
1959-08-01,1.0,5.2,4.43,3.5
1959-09-01,1.4,5.5,4.52,3.76
1959-10-01,1.7,5.7,4.57,3.98
1959-11-01,1.4,5.8,4.56,4.0
1959-12-01,1.7,5.3,4.58,3.99
1960-01-01,1.0,5.2,4.61,3.99
1960-02-01,1.7,4.8,4.56,3.97
1960-03-01,1.7,5.4,4.49,3.84
1960-04-01,1.7,5.2,4.45,3.92
1960-05-01,1.7,5.1,4.46,3.85
1960-06-01,1.7,5.4,4.45,3.32
1960-07-01,1.4,5.5,4.41,3.23
1960-08-01,1.4,5.6,4.28,2.98
1960-09-01,1.0,5.5,4.25,2.6
1960-10-01,1.4,6.1,4.3,2.47
1960-11-01,1.4,6.1,4.31,2.44
1960-12-01,1.4,6.6,4.35,1.98
1961-01-01,1.7,6.6,4.32,1.45
1961-02-01,1.4,6.9,4.27,2.54
1961-03-01,1.4,6.9,4.22,2.02
1961-04-01,1.0,7.0,4.25,1.49
1961-05-01,1.0,7.1,4.27,1.98
1961-06-01,0.7,6.9,4.33,1.73
1961-07-01,1.4,7.0,4.41,1.17
1961-08-01,1.0,6.6,4.45,2.0
1961-09-01,1.4,6.7,4.45,1.88
1961-10-01,0.7,6.5,4.42,2.26
1961-11-01,0.7,6.1,4.39,2.61
1961-12-01,0.7,6.0,4.42,2.33
1962-01-01,0.7,5.8,4.42,2.15
1962-02-01,1.0,5.5,4.42,2.37
1962-03-01,1.0,5.6,4.39,2.85
1962-04-01,1.3,5.6,4.33,2.78
1962-05-01,1.3,5.5,4.28,2.36
1962-06-01,1.3,5.5,4.28,2.68
1962-07-01,1.0,5.4,4.34,2.71
1962-08-01,1.3,5.7,4.35,2.93
1962-09-01,1.3,5.6,4.32,2.9
1962-10-01,1.3,5.4,4.28,2.9
1962-11-01,1.3,5.7,4.25,2.94
1962-12-01,1.3,5.5,4.24,2.93
1963-01-01,1.3,5.7,4.21,2.92
1963-02-01,1.0,5.9,4.19,3.0
1963-03-01,1.3,5.7,4.19,2.98
1963-04-01,1.0,5.7,4.21,2.9
1963-05-01,1.0,5.9,4.22,3.0
1963-06-01,1.3,5.6,4.23,2.99
1963-07-01,1.3,5.6,4.26,3.02
1963-08-01,1.3,5.4,4.29,3.49
1963-09-01,1.0,5.5,4.31,3.48
1963-10-01,1.3,5.5,4.32,3.5
1963-11-01,1.3,5.7,4.33,3.48
1963-12-01,1.6,5.5,4.35,3.38
1964-01-01,1.6,5.6,4.39,3.48
1964-02-01,1.6,5.4,4.36,3.48
1964-03-01,1.3,5.4,4.38,3.43
1964-04-01,1.3,5.3,4.4,3.47
1964-05-01,1.3,5.1,4.41,3.5
1964-06-01,1.3,5.2,4.41,3.5
1964-07-01,1.3,4.9,4.4,3.42
1964-08-01,1.0,5.0,4.41,3.5
1964-09-01,1.3,5.1,4.42,3.45
1964-10-01,1.0,5.1,4.42,3.36
1964-11-01,1.3,4.8,4.43,3.52
1964-12-01,1.0,5.0,4.44,3.85
1965-01-01,1.0,4.9,4.43,3.9
1965-02-01,1.0,5.1,4.41,3.98
1965-03-01,1.3,4.7,4.42,4.05
1965-04-01,1.6,4.8,4.43,4.09
1965-05-01,1.6,4.6,4.44,4.1
1965-06-01,1.9,4.6,4.46,4.05
1965-07-01,1.6,4.4,4.48,4.09
1965-08-01,1.9,4.4,4.49,4.12
1965-09-01,1.6,4.3,4.52,4.02
1965-10-01,1.9,4.2,4.56,4.08
1965-11-01,1.6,4.1,4.6,4.1
1965-12-01,1.9,4.0,4.68,4.32
1966-01-01,1.9,4.0,4.74,4.42
1966-02-01,2.6,3.8,4.78,4.6
1966-03-01,2.6,3.8,4.92,4.66
1966-04-01,2.9,3.8,4.96,4.67
1966-05-01,2.9,3.9,4.98,4.9
1966-06-01,2.5,3.8,5.07,5.17
1966-07-01,2.8,3.8,5.16,5.3
1966-08-01,3.5,3.8,5.31,5.53
1966-09-01,3.5,3.7,5.49,5.4
1966-10-01,3.8,3.7,5.41,5.53
1966-11-01,3.8,3.6,5.35,5.76
1966-12-01,3.5,3.8,5.39,5.4
1967-01-01,3.5,3.9,5.2,4.94
1967-02-01,2.8,3.8,5.03,5.0
1967-03-01,2.8,3.8,5.13,4.53
1967-04-01,2.5,3.8,5.11,4.05
1967-05-01,2.8,3.8,5.24,3.94
1967-06-01,2.8,3.9,5.44,3.98
1967-07-01,2.8,3.8,5.58,3.79
1967-08-01,2.4,3.8,5.62,3.9
1967-09-01,2.8,3.8,5.65,3.99
1967-10-01,2.4,4.0,5.82,3.88
1967-11-01,2.7,3.9,6.07,4.13
1967-12-01,3.0,3.8,6.19,4.51
1968-01-01,3.6,3.7,6.17,4.61
1968-02-01,4.0,3.8,6.1,4.71
1968-03-01,3.9,3.7,6.11,5.05
1968-04-01,3.9,3.5,6.21,5.76
1968-05-01,3.9,3.5,6.27,6.12
1968-06-01,4.2,3.7,6.28,6.07
1968-07-01,4.5,3.7,6.24,6.03
1968-08-01,4.5,3.5,6.02,6.03
1968-09-01,4.5,3.4,5.97,5.78
1968-10-01,4.7,3.4,6.09,5.91
1968-11-01,4.7,3.4,6.19,5.82
1968-12-01,4.7,3.4,6.45,6.02
1969-01-01,4.4,3.4,6.59,6.3
1969-02-01,4.7,3.4,6.66,6.61
1969-03-01,5.2,3.4,6.85,6.79
1969-04-01,5.5,3.4,6.89,7.41
1969-05-01,5.5,3.4,6.79,8.67
1969-06-01,5.5,3.5,6.98,8.9
1969-07-01,5.4,3.5,7.08,8.61
1969-08-01,5.7,3.5,6.97,9.19
1969-09-01,5.7,3.7,7.14,9.15
1969-10-01,5.7,3.7,7.33,9.0
1969-11-01,5.9,3.5,7.35,8.85
1969-12-01,6.2,3.5,7.72,8.97
1970-01-01,6.2,3.9,7.91,8.98
1970-02-01,6.1,4.2,7.93,8.98
1970-03-01,5.8,4.4,7.84,7.76
1970-04-01,6.1,4.6,7.83,8.1
1970-05-01,6.0,4.8,8.11,7.95
1970-06-01,6.0,4.9,8.48,7.61
1970-07-01,6.0,5.0,8.44,7.21
1970-08-01,5.4,5.1,8.13,6.62
1970-09-01,5.7,5.4,8.09,6.29
1970-10-01,5.6,5.5,8.03,6.2
1970-11-01,5.6,5.9,8.05,5.6
1970-12-01,5.6,6.1,7.64,4.9
1971-01-01,5.3,5.9,7.36,4.14
1971-02-01,5.0,5.9,7.08,3.72
1971-03-01,4.7,6.0,7.21,3.71
1971-04-01,4.2,5.9,7.25,4.16
1971-05-01,4.4,5.9,7.53,4.63
1971-06-01,4.6,5.9,7.64,4.91
1971-07-01,4.4,6.0,7.64,5.31
1971-08-01,4.6,6.1,7.59,5.57
1971-09-01,4.1,6.0,7.44,5.55
1971-10-01,3.8,5.8,7.39,5.2
1971-11-01,3.3,6.0,7.26,4.91
1971-12-01,3.3,6.0,7.25,4.14
1972-01-01,3.3,5.8,7.19,3.51
1972-02-01,3.5,5.7,7.27,3.3
1972-03-01,3.5,5.8,7.24,3.83
1972-04-01,3.5,5.7,7.3,4.17
1972-05-01,3.2,5.7,7.3,4.27
1972-06-01,2.7,5.7,7.23,4.46
1972-07-01,2.9,5.6,7.21,4.55
1972-08-01,2.9,5.6,7.19,4.81
1972-09-01,3.2,5.5,7.22,4.87
1972-10-01,3.4,5.6,7.21,5.05
1972-11-01,3.7,5.3,7.12,5.06
1972-12-01,3.4,5.2,7.08,5.33
1973-01-01,3.6,4.9,7.15,5.94
1973-02-01,3.9,5.0,7.22,6.58
1973-03-01,4.6,4.9,7.29,7.09
1973-04-01,5.1,5.0,7.26,7.12
1973-05-01,5.5,4.9,7.29,7.84
1973-06-01,6.0,4.9,7.37,8.49
1973-07-01,5.7,4.8,7.45,10.4
1973-08-01,7.4,4.8,7.68,10.5
1973-09-01,7.4,4.8,7.63,10.78
1973-10-01,7.8,4.6,7.6,10.01
1973-11-01,8.3,4.8,7.67,10.03
1973-12-01,8.7,4.9,7.68,9.95
1974-01-01,9.4,5.1,7.83,9.65
1974-02-01,10.0,5.2,7.85,8.97
1974-03-01,10.4,5.1,8.01,9.35
1974-04-01,10.1,5.1,8.25,10.51
1974-05-01,10.7,5.1,8.37,11.31
1974-06-01,10.9,5.4,8.47,11.93
1974-07-01,11.5,5.5,8.72,12.92
1974-08-01,10.9,5.5,9.0,12.01
1974-09-01,11.9,5.9,9.24,11.34
1974-10-01,12.1,6.0,9.27,10.06
1974-11-01,12.2,6.6,8.89,9.45
1974-12-01,12.3,7.2,8.89,8.53
1975-01-01,11.8,8.1,8.83,7.13
1975-02-01,11.2,8.1,8.62,6.24
1975-03-01,10.3,8.6,8.67,5.54
1975-04-01,10.2,8.8,8.95,5.49
1975-05-01,9.5,9.0,8.9,5.22
1975-06-01,9.4,8.8,8.77,5.55
1975-07-01,9.7,8.6,8.84,6.1
1975-08-01,8.6,8.4,8.95,6.14
1975-09-01,7.9,8.4,8.95,6.24
1975-10-01,7.4,8.4,8.86,5.82
1975-11-01,7.4,8.3,8.78,5.22
1975-12-01,6.9,8.2,8.79,5.2
1976-01-01,6.7,7.9,8.6,4.87
1976-02-01,6.3,7.7,8.55,4.77
1976-03-01,6.1,7.6,8.52,4.84
1976-04-01,6.0,7.7,8.4,4.82
1976-05-01,6.2,7.4,8.58,5.29
1976-06-01,6.0,7.6,8.62,5.48
1976-07-01,5.4,7.8,8.56,5.31
1976-08-01,5.7,7.8,8.45,5.29
1976-09-01,5.5,7.6,8.38,5.25
1976-10-01,5.5,7.7,8.32,5.02
1976-11-01,4.9,7.8,8.25,4.95
1976-12-01,4.9,7.8,7.98,4.65
1977-01-01,5.2,7.5,7.96,4.61
1977-02-01,5.9,7.6,8.04,4.68
1977-03-01,6.4,7.4,8.1,4.69
1977-04-01,7.0,7.2,8.04,4.73
1977-05-01,6.7,7.0,8.05,5.35
1977-06-01,6.9,7.2,7.95,5.39
1977-07-01,6.8,6.9,7.94,5.42
1977-08-01,6.6,7.0,7.98,5.9
1977-09-01,6.6,6.8,7.92,6.14
1977-10-01,6.4,6.8,8.04,6.47
1977-11-01,6.7,6.8,8.08,6.51
1977-12-01,6.7,6.4,8.19,6.56
1978-01-01,6.8,6.4,8.41,6.7
1978-02-01,6.4,6.3,8.47,6.78
1978-03-01,6.6,6.3,8.47,6.79
1978-04-01,6.5,6.1,8.56,6.89
1978-05-01,7.0,6.0,8.69,7.36
1978-06-01,7.4,5.9,8.76,7.6
1978-07-01,7.7,6.2,8.88,7.81
1978-08-01,7.8,5.9,8.69,8.04
1978-09-01,8.3,6.0,8.69,8.45
1978-10-01,8.9,5.8,8.89,8.96
1978-11-01,8.9,5.9,9.03,9.76
1978-12-01,9.0,6.0,9.16,10.03
1979-01-01,9.3,5.9,9.25,10.07
1979-02-01,9.9,5.9,9.26,10.06
1979-03-01,10.1,5.8,9.37,10.09
1979-04-01,10.5,5.8,9.38,10.01
1979-05-01,10.9,5.6,9.5,10.24
1979-06-01,10.9,5.7,9.29,10.29
1979-07-01,11.3,5.7,9.2,10.47
1979-08-01,11.8,6.0,9.23,10.94
1979-09-01,12.2,5.9,9.44,11.43
1979-10-01,12.1,6.0,10.13,13.77
1979-11-01,12.6,5.9,10.76,13.18
1979-12-01,13.3,6.0,10.74,13.78
1980-01-01,13.9,6.3,11.09,13.82
1980-02-01,14.2,6.3,12.38,14.13
1980-03-01,14.8,6.3,12.96,17.19
1980-04-01,14.7,6.9,12.04,17.61
1980-05-01,14.4,7.5,10.99,10.98
1980-06-01,14.4,7.6,10.58,9.47
1980-07-01,13.1,7.8,11.07,9.03
1980-08-01,12.9,7.7,11.64,9.61
1980-09-01,12.6,7.5,12.02,10.87
1980-10-01,12.8,7.5,12.31,12.81
1980-11-01,12.6,7.5,12.97,15.85
1980-12-01,12.5,7.2,13.21,18.9
1981-01-01,11.8,7.5,12.81,19.08
1981-02-01,11.4,7.4,13.35,15.93
1981-03-01,10.5,7.4,13.33,14.7
1981-04-01,10.0,7.2,13.88,15.72
1981-05-01,9.8,7.5,14.32,18.52
1981-06-01,9.6,7.5,13.75,19.1
1981-07-01,10.8,7.2,14.38,19.04
1981-08-01,10.8,7.4,14.89,17.82
1981-09-01,11.0,7.6,15.49,15.87
1981-10-01,10.1,7.9,15.4,15.08
1981-11-01,9.6,8.3,14.22,13.31
1981-12-01,8.9,8.5,14.23,12.37
1982-01-01,8.4,8.6,15.18,13.22
1982-02-01,7.6,8.9,15.27,14.78
1982-03-01,6.8,9.0,14.58,14.68
1982-04-01,6.5,9.3,14.46,14.94
1982-05-01,6.7,9.4,14.26,14.45
1982-06-01,7.1,9.6,14.81,14.15
1982-07-01,6.4,9.8,14.61,12.59
1982-08-01,5.9,9.8,13.71,10.12
1982-09-01,5.0,10.1,12.94,10.31
1982-10-01,5.1,10.4,12.12,9.71
1982-11-01,4.6,10.8,11.68,9.2
1982-12-01,3.8,10.8,11.83,8.95
1983-01-01,3.7,10.4,11.79,8.68
1983-02-01,3.5,10.4,12.01,8.51
1983-03-01,3.6,10.3,11.73,8.77
1983-04-01,3.9,10.2,11.51,8.8
1983-05-01,3.5,10.1,11.46,8.63
1983-06-01,2.6,10.1,11.74,8.98
1983-07-01,2.5,9.4,12.15,9.37
1983-08-01,2.6,9.5,12.51,9.56
1983-09-01,2.9,9.2,12.37,9.45
1983-10-01,2.9,8.8,12.25,9.48
1983-11-01,3.3,8.5,12.41,9.34
1983-12-01,3.8,8.3,12.57,9.47
1984-01-01,4.2,8.0,12.2,9.56
1984-02-01,4.6,7.8,12.08,9.59
1984-03-01,4.8,7.8,12.57,9.91
1984-04-01,4.6,7.7,12.81,10.29
1984-05-01,4.2,7.4,13.28,10.32
1984-06-01,4.2,7.2,13.55,11.06
1984-07-01,4.2,7.5,13.44,11.23
1984-08-01,4.3,7.5,12.87,11.64
1984-09-01,4.3,7.3,12.66,11.3
1984-10-01,4.3,7.4,12.63,9.99
1984-11-01,4.1,7.2,12.29,9.43
1984-12-01,3.9,7.3,12.13,8.38
1985-01-01,3.5,7.3,12.08,8.35
1985-02-01,3.5,7.2,12.13,8.5
1985-03-01,3.7,7.2,12.56,8.58
1985-04-01,3.7,7.3,12.23,8.27
1985-05-01,3.8,7.2,11.72,7.97
1985-06-01,3.8,7.4,10.94,7.53
1985-07-01,3.6,7.4,10.97,7.88
1985-08-01,3.3,7.1,11.05,7.9
1985-09-01,3.1,7.1,11.07,7.92
1985-10-01,3.2,7.1,11.02,7.99
1985-11-01,3.5,7.0,10.55,8.05
1985-12-01,3.8,7.0,10.16,8.27
1986-01-01,3.9,6.7,10.05,8.14
1986-02-01,3.1,7.2,9.67,7.86
1986-03-01,2.3,7.2,9.0,7.48
1986-04-01,1.6,7.1,8.79,6.99
1986-05-01,1.5,7.2,9.09,6.85
1986-06-01,1.8,7.2,9.13,6.92
1986-07-01,1.6,7.0,8.88,6.56
1986-08-01,1.6,6.9,8.72,6.17
1986-09-01,1.8,7.0,8.89,5.89
1986-10-01,1.5,7.0,8.86,5.85
1986-11-01,1.3,6.9,8.68,6.04
1986-12-01,1.1,6.6,8.49,6.91
1987-01-01,1.5,6.6,8.36,6.43
1987-02-01,2.1,6.6,8.38,6.1
1987-03-01,3.0,6.6,8.36,6.13
1987-04-01,3.8,6.3,8.85,6.37
1987-05-01,3.9,6.3,9.33,6.85
1987-06-01,3.7,6.2,9.32,6.73
1987-07-01,3.9,6.1,9.42,6.58
1987-08-01,4.3,6.0,9.67,6.73
1987-09-01,4.4,5.9,10.18,7.22
1987-10-01,4.5,6.0,10.52,7.29
1987-11-01,4.5,5.8,10.01,6.69
1987-12-01,4.4,5.7,10.11,6.77
1988-01-01,4.0,5.7,9.88,6.83
1988-02-01,3.9,5.7,9.4,6.58
1988-03-01,3.9,5.7,9.39,6.58
1988-04-01,3.9,5.4,9.67,6.87
1988-05-01,3.9,5.6,9.9,7.09
1988-06-01,4.0,5.4,9.86,7.51
1988-07-01,4.1,5.4,9.96,7.75
1988-08-01,4.0,5.6,10.11,8.01
1988-09-01,4.2,5.4,9.82,8.19
1988-10-01,4.2,5.4,9.51,8.3
1988-11-01,4.2,5.3,9.45,8.35
1988-12-01,4.4,5.3,9.57,8.76
1989-01-01,4.7,5.4,9.62,9.12
1989-02-01,4.8,5.2,9.64,9.36
1989-03-01,5.0,5.0,9.8,9.85
1989-04-01,5.1,5.2,9.79,9.84
1989-05-01,5.4,5.2,9.57,9.81
1989-06-01,5.2,5.3,9.1,9.53
1989-07-01,5.0,5.2,8.93,9.24
1989-08-01,4.7,5.2,8.96,8.99
1989-09-01,4.3,5.3,9.01,9.02
1989-10-01,4.5,5.3,8.92,8.84
1989-11-01,4.7,5.4,8.89,8.55
1989-12-01,4.6,5.4,8.86,8.45
1990-01-01,5.2,5.4,8.99,8.23
1990-02-01,5.3,5.3,9.22,8.24
1990-03-01,5.2,5.2,9.37,8.28
1990-04-01,4.7,5.4,9.46,8.26
1990-05-01,4.4,5.4,9.47,8.18
1990-06-01,4.7,5.2,9.26,8.29
1990-07-01,4.8,5.5,9.24,8.15
1990-08-01,5.6,5.7,9.41,8.13
1990-09-01,6.2,5.9,9.56,8.2
1990-10-01,6.3,5.9,9.53,8.11
1990-11-01,6.3,6.2,9.3,7.81
1990-12-01,6.1,6.3,9.05,7.31
1991-01-01,5.7,6.4,9.04,6.91
1991-02-01,5.3,6.6,8.83,6.25
1991-03-01,4.9,6.8,8.93,6.12
1991-04-01,4.9,6.7,8.86,5.91
1991-05-01,5.0,6.9,8.86,5.78
1991-06-01,4.7,6.9,9.01,5.9
1991-07-01,4.4,6.8,9.0,5.82
1991-08-01,3.8,6.9,8.75,5.66
1991-09-01,3.4,6.9,8.61,5.45
1991-10-01,2.9,7.0,8.55,5.21
1991-11-01,3.0,7.0,8.48,4.81
1991-12-01,3.1,7.3,8.31,4.43
1992-01-01,2.6,7.3,8.2,4.03
1992-02-01,2.8,7.4,8.29,4.06
1992-03-01,3.2,7.4,8.35,3.98
1992-04-01,3.2,7.4,8.33,3.73
1992-05-01,3.0,7.6,8.28,3.82
1992-06-01,3.1,7.8,8.22,3.76
1992-07-01,3.2,7.7,8.07,3.25
1992-08-01,3.1,7.6,7.95,3.3
1992-09-01,3.0,7.6,7.92,3.22
1992-10-01,3.2,7.3,7.99,3.1
1992-11-01,3.0,7.4,8.1,3.09
1992-12-01,2.9,7.4,7.98,2.92
1993-01-01,3.3,7.3,7.91,3.02
1993-02-01,3.2,7.1,7.71,3.03
1993-03-01,3.1,7.0,7.58,3.07
1993-04-01,3.2,7.1,7.46,2.96
1993-05-01,3.2,7.1,7.43,3.0
1993-06-01,3.0,7.0,7.33,3.04
1993-07-01,2.8,6.9,7.17,3.06
1993-08-01,2.8,6.8,6.85,3.03
1993-09-01,2.7,6.7,6.66,3.09
1993-10-01,2.8,6.8,6.67,2.99
1993-11-01,2.7,6.6,6.93,3.02
1993-12-01,2.7,6.5,6.93,2.96
1994-01-01,2.5,6.6,6.92,3.05
1994-02-01,2.5,6.6,7.08,3.25
1994-03-01,2.5,6.5,7.48,3.34
1994-04-01,2.4,6.4,7.88,3.56
1994-05-01,2.3,6.1,7.99,4.01
1994-06-01,2.5,6.1,7.97,4.25
1994-07-01,2.8,6.1,8.11,4.26
1994-08-01,2.9,6.0,8.07,4.47
1994-09-01,3.0,5.9,8.34,4.73
1994-10-01,2.6,5.8,8.57,4.76
1994-11-01,2.7,5.6,8.68,5.29
1994-12-01,2.7,5.5,8.46,5.45
1995-01-01,2.8,5.6,8.46,5.53
1995-02-01,2.9,5.4,8.26,5.92
1995-03-01,2.9,5.4,8.12,5.98
1995-04-01,3.1,5.8,8.03,6.05
1995-05-01,3.2,5.6,7.65,6.01
1995-06-01,3.0,5.6,7.3,6.0
1995-07-01,2.8,5.7,7.41,5.85
1995-08-01,2.6,5.7,7.57,5.74
1995-09-01,2.5,5.6,7.32,5.8
1995-10-01,2.8,5.5,7.12,5.76
1995-11-01,2.6,5.6,7.02,5.8
1995-12-01,2.5,5.6,6.82,5.6
1996-01-01,2.7,5.6,6.81,5.56
1996-02-01,2.7,5.5,6.99,5.22
1996-03-01,2.8,5.5,7.35,5.31
1996-04-01,2.9,5.6,7.5,5.22
1996-05-01,2.9,5.6,7.62,5.24
1996-06-01,2.8,5.3,7.71,5.27
1996-07-01,3.0,5.5,7.65,5.4
1996-08-01,2.9,5.1,7.46,5.22
1996-09-01,3.0,5.2,7.66,5.3
1996-10-01,3.0,5.2,7.39,5.24
1996-11-01,3.3,5.4,7.1,5.31
1996-12-01,3.3,5.4,7.2,5.29
1997-01-01,3.0,5.3,7.42,5.25
1997-02-01,3.0,5.2,7.31,5.19
1997-03-01,2.8,5.2,7.55,5.39
1997-04-01,2.5,5.1,7.73,5.51
1997-05-01,2.2,4.9,7.58,5.5
1997-06-01,2.3,5.0,7.41,5.56
1997-07-01,2.2,4.9,7.14,5.52
1997-08-01,2.2,4.8,7.22,5.54
1997-09-01,2.2,4.9,7.15,5.54
1997-10-01,2.1,4.7,7.0,5.5
1997-11-01,1.8,4.6,6.87,5.52
1997-12-01,1.7,4.7,6.76,5.5
1998-01-01,1.6,4.6,6.61,5.56
1998-02-01,1.4,4.6,6.67,5.51
1998-03-01,1.4,4.7,6.72,5.49
1998-04-01,1.4,4.3,6.69,5.45
1998-05-01,1.7,4.4,6.69,5.49
1998-06-01,1.7,4.5,6.53,5.56
1998-07-01,1.7,4.5,6.55,5.54
1998-08-01,1.6,4.5,6.52,5.55
1998-09-01,1.5,4.6,6.4,5.51
1998-10-01,1.5,4.5,6.37,5.07
1998-11-01,1.5,4.4,6.41,4.83
1998-12-01,1.6,4.4,6.22,4.68
1999-01-01,1.7,4.3,6.24,4.63
1999-02-01,1.6,4.4,6.4,4.76
1999-03-01,1.7,4.2,6.62,4.81
1999-04-01,2.3,4.3,6.64,4.74
1999-05-01,2.1,4.2,6.93,4.74
1999-06-01,2.0,4.3,7.23,4.76
1999-07-01,2.1,4.3,7.19,4.99
1999-08-01,2.3,4.2,7.4,5.07
1999-09-01,2.6,4.2,7.39,5.22
1999-10-01,2.6,4.1,7.55,5.2
1999-11-01,2.6,4.1,7.36,5.42
1999-12-01,2.7,4.0,7.55,5.3
2000-01-01,2.7,4.0,7.78,5.45
2000-02-01,3.2,4.1,7.68,5.73
2000-03-01,3.8,4.0,7.68,5.85
2000-04-01,3.1,3.8,7.64,6.02
2000-05-01,3.2,4.0,7.99,6.27
2000-06-01,3.7,4.0,7.67,6.53
2000-07-01,3.7,4.0,7.65,6.54
2000-08-01,3.4,4.1,7.55,6.5
2000-09-01,3.5,3.9,7.62,6.52
2000-10-01,3.4,3.9,7.55,6.51
2000-11-01,3.4,3.9,7.45,6.51
2000-12-01,3.4,3.9,7.21,6.4
2001-01-01,3.7,4.2,7.15,5.98
2001-02-01,3.5,4.2,7.1,5.49
2001-03-01,2.9,4.3,6.98,5.31
2001-04-01,3.3,4.4,7.2,4.8
2001-05-01,3.6,4.3,7.29,4.21
2001-06-01,3.2,4.5,7.18,3.97
2001-07-01,2.7,4.6,7.13,3.77
2001-08-01,2.7,4.9,7.02,3.65
2001-09-01,2.6,5.0,7.17,3.07
2001-10-01,2.1,5.3,7.03,2.49
2001-11-01,1.9,5.5,6.97,2.09
2001-12-01,1.6,5.7,6.77,1.82
2002-01-01,1.1,5.7,6.55,1.73
2002-02-01,1.1,5.7,6.51,1.74
2002-03-01,1.5,5.7,6.81,1.73
2002-04-01,1.6,5.9,6.76,1.75
2002-05-01,1.2,5.8,6.75,1.75
2002-06-01,1.1,5.8,6.63,1.75
2002-07-01,1.5,5.8,6.53,1.73
2002-08-01,1.8,5.7,6.37,1.74
2002-09-01,1.5,5.7,6.15,1.75
2002-10-01,2.0,5.7,6.32,1.75
2002-11-01,2.2,5.9,6.31,1.34
2002-12-01,2.4,6.0,6.21,1.24
2003-01-01,2.6,5.8,6.17,1.24
2003-02-01,3.0,5.9,5.95,1.26
2003-03-01,3.0,5.9,5.89,1.25
2003-04-01,2.2,6.0,5.74,1.26
2003-05-01,2.1,6.1,5.22,1.26
2003-06-01,2.1,6.3,4.97,1.22
2003-07-01,2.1,6.2,5.49,1.01
2003-08-01,2.2,6.1,5.88,1.03
2003-09-01,2.3,6.1,5.72,1.01
2003-10-01,2.0,6.0,5.7,1.01
2003-11-01,1.8,5.8,5.65,1.0
2003-12-01,1.9,5.7,5.62,0.98
2004-01-01,1.9,5.7,5.54,1.0
2004-02-01,1.7,5.6,5.5,1.01
2004-03-01,1.7,5.8,5.33,1.0
2004-04-01,2.3,5.6,5.73,1.0
2004-05-01,3.1,5.6,6.04,1.0
2004-06-01,3.3,5.6,6.01,1.03
2004-07-01,3.0,5.5,5.82,1.26
2004-08-01,2.7,5.4,5.65,1.43
2004-09-01,2.5,5.4,5.46,1.61
2004-10-01,3.2,5.5,5.47,1.76
2004-11-01,3.5,5.4,5.52,1.93
2004-12-01,3.3,5.4,5.47,2.16
2005-01-01,3.0,5.3,5.36,2.28
2005-02-01,3.0,5.4,5.2,2.5
2005-03-01,3.1,5.2,5.4,2.63
2005-04-01,3.5,5.2,5.33,2.79
2005-05-01,2.8,5.1,5.15,3.0
2005-06-01,2.5,5.0,4.96,3.04
2005-07-01,3.2,5.0,5.06,3.26
2005-08-01,3.6,4.9,5.09,3.5
2005-09-01,4.7,5.0,5.13,3.62
2005-10-01,4.3,5.0,5.35,3.78
2005-11-01,3.5,5.0,5.42,4.0
2005-12-01,3.4,4.9,5.37,4.16
2006-01-01,4.0,4.7,5.29,4.29
2006-02-01,3.6,4.8,5.35,4.49
2006-03-01,3.4,4.7,5.53,4.59
2006-04-01,3.5,4.7,5.84,4.79
2006-05-01,4.2,4.6,5.95,4.94
2006-06-01,4.3,4.6,5.89,4.99
2006-07-01,4.1,4.7,5.85,5.24
2006-08-01,3.8,4.7,5.68,5.25
2006-09-01,2.1,4.5,5.51,5.25
2006-10-01,1.3,4.4,5.51,5.25
2006-11-01,2.0,4.5,5.33,5.25
2006-12-01,2.5,4.4,5.32,5.24
2007-01-01,2.1,4.6,5.4,5.25
2007-02-01,2.4,4.5,5.39,5.26
2007-03-01,2.8,4.4,5.3,5.26
2007-04-01,2.6,4.5,5.47,5.25
2007-05-01,2.7,4.4,5.47,5.25
2007-06-01,2.7,4.6,5.79,5.25
2007-07-01,2.4,4.7,5.73,5.26
2007-08-01,2.0,4.6,5.79,5.02
2007-09-01,2.8,4.7,5.74,4.94
2007-10-01,3.5,4.7,5.66,4.76
2007-11-01,4.3,4.7,5.44,4.49
2007-12-01,4.1,5.0,5.49,4.24
2008-01-01,4.3,5.0,5.33,3.94
2008-02-01,4.0,4.9,5.53,2.98
2008-03-01,4.0,5.1,5.51,2.61
2008-04-01,3.9,5.0,5.55,2.28
2008-05-01,4.2,5.4,5.57,1.98
2008-06-01,5.0,5.6,5.68,2.0
2008-07-01,5.6,5.8,5.67,2.01
2008-08-01,5.4,6.1,5.64,2.0
2008-09-01,4.9,6.1,5.65,1.81
2008-10-01,3.7,6.5,6.28,0.97
2008-11-01,1.1,6.8,6.12,0.39
2008-12-01,0.1,7.3,5.05,0.16
2009-01-01,0.0,7.8,5.05,0.15
2009-02-01,0.2,8.3,5.27,0.22
2009-03-01,-0.4,8.7,5.5,0.18
2009-04-01,-0.7,9.0,5.39,0.15
2009-05-01,-1.3,9.4,5.54,0.18
2009-06-01,-1.4,9.5,5.61,0.21
2009-07-01,-2.1,9.5,5.41,0.16
2009-08-01,-1.5,9.6,5.26,0.16
2009-09-01,-1.3,9.8,5.13,0.15
2009-10-01,-0.2,10.0,5.15,0.12
2009-11-01,1.8,9.9,5.19,0.12
2009-12-01,2.7,9.9,5.26,0.12
2010-01-01,2.6,9.8,5.26,0.11
2010-02-01,2.1,9.8,5.35,0.13
2010-03-01,2.3,9.9,5.27,0.16
2010-04-01,2.2,9.9,5.29,0.2
2010-05-01,2.0,9.6,4.96,0.2
2010-06-01,1.1,9.4,4.88,0.18
2010-07-01,1.2,9.4,4.72,0.18
2010-08-01,1.1,9.5,4.49,0.19
2010-09-01,1.1,9.5,4.53,0.19
2010-10-01,1.2,9.4,4.68,0.19
2010-11-01,1.1,9.8,4.87,0.19
2010-12-01,1.5,9.3,5.02,0.18
2011-01-01,1.6,9.1,5.04,0.17
2011-02-01,2.1,9.0,5.22,0.16
2011-03-01,2.7,9.0,5.13,0.14
2011-04-01,3.2,9.1,5.16,0.1
2011-05-01,3.6,9.0,4.96,0.09
2011-06-01,3.6,9.1,4.99,0.09
2011-07-01,3.6,9.0,4.93,0.07
2011-08-01,3.8,9.0,4.37,0.1
2011-09-01,3.9,9.0,4.09,0.08
2011-10-01,3.5,8.8,3.98,0.07
2011-11-01,3.4,8.6,3.87,0.08
2011-12-01,3.0,8.5,3.93,0.07
2012-01-01,2.9,8.3,3.85,0.08
2012-02-01,2.9,8.3,3.85,0.1
2012-03-01,2.7,8.2,3.99,0.13
2012-04-01,2.3,8.2,3.96,0.14
2012-05-01,1.7,8.2,3.8,0.16
2012-06-01,1.7,8.2,3.64,0.16
2012-07-01,1.4,8.2,3.4,0.16
2012-08-01,1.7,8.1,3.48,0.13
2012-09-01,2.0,7.8,3.49,0.14
2012-10-01,2.2,7.8,3.47,0.16
2012-11-01,1.8,7.7,3.5,0.16
2012-12-01,1.7,7.9,3.65,0.16
2013-01-01,1.6,8.0,3.8,0.14
2013-02-01,2.0,7.7,3.9,0.15
2013-03-01,1.5,7.5,3.93,0.14
2013-04-01,1.1,7.6,3.73,0.15
2013-05-01,1.4,7.5,3.89,0.11
2013-06-01,1.8,7.5,4.27,0.09
2013-07-01,2.0,7.3,4.34,0.09
2013-08-01,1.5,7.2,4.54,0.08
2013-09-01,1.2,7.2,4.64,0.08
2013-10-01,1.0,7.2,4.53,0.09
2013-11-01,1.2,6.9,4.63,0.08
2013-12-01,1.5,6.7,4.62,0.09
2014-01-01,1.6,6.6,4.49,0.07
2014-02-01,1.1,6.7,4.45,0.07
2014-03-01,1.5,6.7,4.38,0.08
2014-04-01,2.0,6.2,4.24,0.09
2014-05-01,2.1,6.3,4.16,0.09
2014-06-01,2.1,6.1,4.25,0.1
2014-07-01,2.0,6.2,4.16,0.09
2014-08-01,1.7,6.1,4.08,0.09
2014-09-01,1.7,5.9,4.11,0.09
2014-10-01,1.7,5.7,3.92,0.09
2014-11-01,1.3,5.8,3.92,0.09
2014-12-01,0.8,5.6,3.79,0.12
2015-01-01,-0.1,5.7,3.46,0.11
2015-02-01,0.0,5.5,3.61,0.11
2015-03-01,-0.1,5.4,3.64,0.11
2015-04-01,-0.2,5.4,3.52,0.12
2015-05-01,0.0,5.6,3.98,0.12
2015-06-01,0.1,5.3,4.19,0.13
2015-07-01,0.2,5.2,4.15,0.13
2015-08-01,0.2,5.1,4.04,0.14
2015-09-01,0.0,5.0,4.07,0.14
2015-10-01,0.2,5.0,3.95,0.12
2015-11-01,0.5,5.1,4.06,0.12
2015-12-01,0.7,5.0,3.97,0.24
2016-01-01,1.4,4.8,4.0,0.34
2016-02-01,1.0,4.9,3.96,0.38
2016-03-01,0.9,5.0,3.82,0.36
2016-04-01,1.1,5.1,3.62,0.37
2016-05-01,1.0,4.8,3.65,0.37
2016-06-01,1.0,4.9,3.5,0.38
2016-07-01,0.8,4.8,3.28,0.39
2016-08-01,1.1,4.9,3.32,0.4
2016-09-01,1.5,5.0,3.41,0.4
2016-10-01,1.6,4.9,3.51,0.4
2016-11-01,1.7,4.7,3.86,0.41
2016-12-01,2.1,4.7,4.06,0.54
2017-01-01,2.5,4.7,3.92,0.65
2017-02-01,2.7,4.6,3.95,0.66
2017-03-01,2.4,4.4,4.01,0.79
2017-04-01,2.2,4.4,3.87,0.9
2017-05-01,1.9,4.4,3.85,0.91
2017-06-01,1.6,4.3,3.68,1.04
2017-07-01,1.7,4.3,3.7,1.15
2017-08-01,1.9,4.4,3.63,1.16
2017-09-01,2.2,4.3,3.63,1.15
2017-10-01,2.0,4.2,3.6,1.15
2017-11-01,2.2,4.2,3.57,1.16
2017-12-01,2.1,4.1,3.51,1.3
2018-01-01,2.1,4.0,3.55,1.41
2018-02-01,2.2,4.1,3.82,1.42
2018-03-01,2.4,4.0,3.87,1.51
2018-04-01,2.5,4.0,3.85,1.69
2018-05-01,2.8,3.8,4.0,1.7
2018-06-01,2.9,4.0,3.96,1.82
2018-07-01,2.9,3.8,3.87,1.91
2018-08-01,2.7,3.8,3.88,1.91
2018-09-01,2.3,3.7,3.98,1.95
2018-10-01,2.5,3.8,4.14,2.19
2018-11-01,2.2,3.8,4.22,2.2
2018-12-01,1.9,3.9,4.02,2.27
2019-01-01,1.6,4.0,3.93,2.4
2019-02-01,1.5,3.8,3.79,2.4
2019-03-01,1.9,3.8,3.77,2.41
2019-04-01,2.0,3.7,3.69,2.42
2019-05-01,1.8,3.6,3.67,2.39
2019-06-01,1.6,3.6,3.42,2.38
2019-07-01,1.8,3.7,3.29,2.4
2019-08-01,1.7,3.6,2.98,2.13
2019-09-01,1.7,3.5,3.03,2.04
2019-10-01,1.8,3.6,3.01,1.83
2019-11-01,2.1,3.6,3.06,1.55
2019-12-01,2.3,3.6,3.01,1.55
2020-01-01,2.5,3.6,2.94,1.55
2020-02-01,2.3,3.5,2.78,1.58
2020-03-01,1.5,4.4,3.02,0.65
2020-04-01,0.3,14.8,2.43,0.05
2020-05-01,0.1,13.2,2.5,0.05
2020-06-01,0.6,11.0,2.44,0.08
2020-07-01,1.0,10.2,2.14,0.09
2020-08-01,1.3,8.4,2.25,0.1
2020-09-01,1.4,7.8,2.31,0.09
2020-10-01,1.2,6.8,2.35,0.09
2020-11-01,1.2,6.7,2.3,0.09
2020-12-01,1.4,6.7,2.26,0.09
2021-01-01,1.4,6.4,2.45,0.09
2021-02-01,1.7,6.2,2.7,0.08
2021-03-01,2.6,6.1,3.04,0.07
2021-04-01,4.2,6.1,2.9,0.07
2021-05-01,5.0,5.8,2.96,0.06
2021-06-01,5.4,5.9,2.79,0.08
2021-07-01,5.4,5.4,2.57,0.1
2021-08-01,5.3,5.1,2.55,0.09
2021-09-01,5.4,4.7,2.53,0.08
2021-10-01,6.2,4.5,2.68,0.08
2021-11-01,6.8,4.1,2.62,0.08
2021-12-01,7.0,3.9,2.65,0.08
2022-01-01,7.5,4.0,2.93,0.08
2022-02-01,7.9,3.8,3.25,0.08
2022-03-01,8.5,3.6,3.43,0.2
2022-04-01,8.3,3.7,3.76,0.33
2022-05-01,8.6,3.6,4.13,0.77
2022-06-01,9.1,3.6,4.24,1.21
2022-07-01,8.5,3.5,4.06,1.68
2022-08-01,8.3,3.6,4.07,2.33
2022-09-01,8.2,3.5,4.59,2.56
2022-10-01,7.7,3.6,5.1,3.08
2022-11-01,7.1,3.6,4.9,3.78
2022-12-01,6.5,3.5,4.43,4.1
2023-01-01,6.4,3.4,4.4,4.33
2023-02-01,6.0,3.6,4.56,4.57
2023-03-01,5.0,3.5,4.6,4.65
2023-04-01,4.9,3.4,4.47,4.83
2023-05-01,4.0,3.7,4.67,5.06
2023-06-01,3.0,3.6,4.65,5.08
2023-07-01,3.2,3.5,4.66,5.12
2023-08-01,3.7,3.8,4.95,5.33
2023-09-01,3.7,3.8,5.13,5.33
2023-10-01,3.2,3.8,5.61,5.33
2023-11-01,3.1,3.7,5.28,5.33
2023-12-01,3.4,3.7,4.74,5.33
2024-01-01,3.1,3.7,4.87,5.33
2024-02-01,3.2,3.9,5.03,5.33
2024-03-01,3.5,3.8,5.01,5.33
2024-04-01,3.4,3.9,5.28,5.33
2024-05-01,3.3,4.0,5.25,5.33
2024-06-01,3.0,4.1,5.13,5.33
2024-07-01,2.9,4.3,5.12,5.33
2024-08-01,2.5,4.2,4.87,5.33
2024-09-01,2.4,4.1,4.68,5.13
2024-10-01,2.6,4.1,4.95,4.83
